{"buildInfo":{"cpuABI":"arm64-v8a","cpuABI2":"","release":"7.1.2","kernelVersion":"Linux version 3.18.31-g24a4020b992c (android-build@wphp5.hot.corp.google.com) (gcc version 4.9.x 20150123 (prerelease) (GCC) ) #1 SMP PREEMPT Thu Jun 29 16:55:05 UTC 2017","fingerprint":"google/sailfish/sailfish:7.1.2/NZH54D/4146044:user/release-keys","builddate":"1498760150","model":"Pixel","sdk":"25","id":"NZH54D","brand":"google","manufacturer":"Google"},"results":[{"exception":"null","name":"cve-2016-2061","details":{"altNames":"","CVSSV2Score":"9.3","impact":"","description":"Integer signedness error in the MSM V4L2 video driver for the Linux kernel 3.x, as used in Qualcomm Innovation Center (QuIC) Android contributions for MSM devices and other products, allows attackers to gain privileges or cause a denial of service (array overflow and memory corruption) via a crafted application that triggers an msm_isp_axi_create_stream call.","location":"MSM V4L2 video driver","type":"权限提升"},"testResult":false},{"exception":"null","name":"cve-2016-2411","details":{"altNames":"","CVSSV2Score":"9.3","impact":"","description":"A Qualcomm Power Management kernel driver in Android allows attackers to gain privileges via a crafted application that leverages root access","location":"Qualcomm Power Management kernel driver","type":"权限提升"},"testResult":false},{"exception":"null","name":"cve-2016-2469","details":{"altNames":"","CVSSV2Score":"9.3","impact":"","description":"The Qualcomm sound driver in Android before 2016-06-01 allows attackers to gain privileges via a crafted application","location":"Qualcomm sound driver","type":"权限提升"},"testResult":true}]}