{"buildInfo":{"fingerprint":"google\/hammerhead\/hammerhead:6.0.1\/M4B30Z\/3437181:user\/release-keys","kernelVersion":"3.4.0-gcf10b7e","brand":"google","manufacturer":"LGE","model":"Nexus 5","release":"6.0.1","sdk":"23","builddate":1478203422000,"id":"M4B30Z","cpuABI":"armeabi-v7a","cpuABI2":"armeabi"},"results":[{"name":"ZipBug 9950697","isVulnerable":false,"details":{"altNames":"[Masterkey #3]","type":"","description":"Zip bug allows modifying apk files without breaking the signature.  Based on improper parsing of the 'name' length in the zip file.","impact":"A local attacker can modify a system apk file and gain elevated privileges.  A remote attacker can try to trick the user (or another app) into installing the malicious apk file.","CVSSV2Score":6.1,"location":""}},{"name":"CVE-2013-4787","isVulnerable":false,"details":{"altNames":"[Masterkey, ZipBug 8219321]","type":"","description":"Zip bug allows modifying apk files without breaking the signature.  Essentially, you can replace existing files in an app.  Fixed around Android 4.4","impact":"A local attacker can modify a system apk file and gain elevated privileges.  A remote attacker can try to trick the user (or another app) into installing the malicious apk file.","CVSSV2Score":6.1,"location":""}},{"name":"ZipBug 9695860","isVulnerable":false,"details":{"altNames":"[Masterkey #2]","type":"","description":"Zip bug allows modifying apk files without breaking the signature.  Based on reading unsigned 16 bit numbers from th zip header and interpreting them as signed 32 bit numbers.","impact":"A local attacker can modify a system apk file and gain elevated privileges.  A remote attacker can try to trick the user (or another app) into installing the malicious apk file.","CVSSV2Score":6.1,"location":""}},{"name":"CVE-2013-6282","isVulnerable":false,"details":{"altNames":"[get_user\/put_user]","type":"","description":"The (1) get_user and (2) put_user API functions in the Linux kernel before 3.5.5 on the v6k and v7 ARM platforms do not validate certain addresses, which allows attackers to read or modify the contents of arbitrary kernel memory locations via a crafted application, as exploited in the wild against Android devices in October and November 2013.","impact":"Local unprivilidge app can read and write arbitrary kernel memory and gain code execution as root.","CVSSV2Score":7.2,"location":""}},{"name":"CVE-2011-1149","isVulnerable":false,"details":{"altNames":"[psneuter, KillingInTheNameOf]","type":"","description":"Android before 2.3 does not properly restrict access to the system property space, which allows local applications to bypass the application sandbox and gain privileges, as demonstrated by psneuter and KillingInTheNameOf, related to the use of Android shared memory (ashmem) and ASHMEM_SET_PROT_MASK","impact":"local attacker with usb access can gain root by blocking adbd from being able to read ro.secure property","CVSSV2Score":7.2,"location":""}},{"name":"CVE-2014-3153","isVulnerable":false,"details":{"altNames":"[Towelroot, Linux futex exploit]","type":"","description":"The futex_requeue function in kernel\/futex.c in the Linux kernel through 3.14.5 does not ensure that calls have two different futex addresses, which allows local users to gain privileges via a crafted FUTEX_REQUEUE command that facilitates unsafe waiter modification.","impact":"Local unprivilidge app can gain write-what-where in kernel memory.  Can be used to elevate to root","CVSSV2Score":7.2,"location":""}},{"name":"CVE-2014-4943","isVulnerable":false,"exception":"java.lang.Exception: Error running test. Errno: 13","details":{"altNames":"[Linux L2TP Socket Vuln]","type":"","description":"Type confusion bug l2tp socket implementation","impact":"Local privilege escalation to kernel\/root from an unprivileged app","CVSSV2Score":8.3,"location":""}},{"name":"WeakSauce","isVulnerable":false,"details":{"altNames":"[WeakSauce]","type":"","description":"HTC devices have a poorly written device management agent which has been continually exploited for privledge escalation purposes","impact":"Local privilege escalation to root from an unprivileged app","CVSSV2Score":4.9,"location":""}},{"name":"CVE-2015-1474","isVulnerable":false,"details":{"altNames":"[]","type":"","description":"Multiple integer overflows in the GraphicBuffer::unflatten function in platform\/frameworks\/native\/libs\/ui\/GraphicBuffer.cpp in Android through 5.0 allow attackers to gain privileges or cause a denial of service (memory corruption) via vectors that trigger a large number of (1) file descriptors or (2) integer values.","impact":"Local unprivileged app to system app escalation + accesible via the network","CVSSV2Score":9.3,"location":""}},{"name":"CVE-2015-1538-1","isVulnerable":false,"details":{"altNames":"[Stagefright]","type":"","description":"A media processing issue that can be exploited for code execution","impact":"Allows remote attackers to execute arbitrary code via crafted MPEG-4 data","CVSSV2Score":10,"location":""}},{"name":"CVE-2015-1538-2","isVulnerable":false,"details":{"altNames":"[Stagefright]","type":"","description":"A media processing issue that can be exploited for code execution","impact":"Allows remote attackers to execute arbitrary code via crafted MPEG-4 data","CVSSV2Score":10,"location":""}},{"name":"CVE-2015-1538-3","isVulnerable":false,"details":{"altNames":"[Stagefright]","type":"","description":"A media processing issue that can be exploited for code execution","impact":"Allows remote attackers to execute arbitrary code via crafted MPEG-4 data","CVSSV2Score":10,"location":""}},{"name":"CVE-2015-1538-4","isVulnerable":false,"details":{"altNames":"[Stagefright]","type":"","description":"A media processing issue that can be exploited for code execution","impact":"Allows remote attackers to execute arbitrary code via crafted MPEG-4 data","CVSSV2Score":10,"location":""}},{"name":"CVE-2015-1539","isVulnerable":false,"details":{"altNames":"[Stagefright]","type":"","description":"A media processing issue that can be exploited for code execution","impact":"Allows remote attackers to execute arbitrary code via crafted MPEG-4 data","CVSSV2Score":10,"location":""}},{"name":"CVE-2015-3824","isVulnerable":false,"details":{"altNames":"[Stagefright]","type":"","description":"A media processing issue that can be exploited for code execution","impact":"Allows remote attackers to execute arbitrary code via crafted MPEG-4 data","CVSSV2Score":10,"location":""}},{"name":"CVE-2015-3828","isVulnerable":false,"details":{"altNames":"[Stagefright]","type":"","description":"A media processing issue that can be exploited for code execution","impact":"Allows remote attackers to execute arbitrary code via crafted MPEG-4 data","CVSSV2Score":10,"location":""}},{"name":"CVE-2015-3829","isVulnerable":false,"details":{"altNames":"[Stagefright]","type":"","description":"A media processing issue that can be exploited for code execution","impact":"Allows remote attackers to execute arbitrary code via crafted MPEG-4 data","CVSSV2Score":10,"location":""}},{"name":"CVE-2015-3864","isVulnerable":false,"details":{"altNames":"[Stagefright]","type":"","description":"This a stagefright bug exploiting a failed patch for the same issue","impact":"Allows remote attackers to execute arbitrary code via crafted MPEG-4 data","CVSSV2Score":10,"location":""}},{"name":"sf-itunes-poc","isVulnerable":false,"details":{"altNames":"[Stagefright]","type":"","description":"Stagefright bug: A media processing issue that can be exploited for code execution","impact":"Allows remote attackers to execute arbitrary code via crafted MPEG-4 data","CVSSV2Score":10,"location":""}},{"name":"CVE-2015-6602","isVulnerable":false,"details":{"altNames":"[Stagefright 2.0]","type":"","description":"Remote code execution as media_server.  Fixed in Android 5.1.1_r9\/LMY48K","impact":"Remote attacker can use a malformed video file to gain code execution with somewhat elevated privileges.  ","CVSSV2Score":9.3,"location":""}},{"name":"CVE-2015-3825","isVulnerable":false,"details":{"altNames":"[ANDROID-21437603\/21583894]","type":"","description":"Local object serialization attack.  The OpenSSLX509Certificate class contains native pointers as class members and they are not marked as transient.  A Local app can craft a serialized object and pass through binder and ultimately gain code execution as system","impact":"Local unprivileged app to system_server","CVSSV2Score":7.2,"location":""}},{"name":"CVE-2015-3636","isVulnerable":false,"details":{"altNames":"[pingpongroot]","type":"","description":"UAF in Linux Kernel ICMP Socket","impact":"Local privilege escalation to kernel\/root from an unprivileged app","CVSSV2Score":4.9,"location":""}},{"name":"CVE-2015-7888","isVulnerable":false,"details":{"altNames":"[]","type":"","description":"Remote Code Execution as System User.  Android 5.0+, Samsung.  This is yet another non-memory corrupting remote execution on Samsung devices.","impact":"Remote attacker can gain code execution as system user by getting the user to download an email attachment or browse to a crafted web page.","CVSSV2Score":9,"location":""}},{"name":"CVE-2015-6608","isVulnerable":false,"details":{"altNames":"[Stagefright, ANDROID-19779574, ANDROID-23680780, ANDROID-23876444, ANDROID-23881715, ANDROID-14388161]","type":"","description":"During media file and data processing of a specially crafted file, vulnerabilities in mediaserver could allow an attacker to cause memory corruption and remote code execution as the mediaserver process.","impact":"The affected functionality is provided as a core part of the operating system and there are multiple applications that allow it to be reached with remote content, most notably MMS and browser playback of media. This issue is rated as a Critical severity due to the possibility of remote code execution within the context of the mediaserver service. The mediaserver service has access to audio and video streams as well as access to privileges that third-party apps cannot normally access.","CVSSV2Score":10,"location":""}},{"name":"CVE-2015-1528","isVulnerable":false,"details":{"altNames":"[GraphicsBuffer Unflatten, internal bug 19334482]","type":"","description":"Integer overflow in the native_handle_create function in libcutils\/native_handle.c in Android before 5.1.1 LMY48M allows attackers to obtain a different application's privileges or cause a denial of service (Binder heap memory corruption) via a crafted application, aka internal bug 19334482.","impact":"local unprivileged app to system app escalation","CVSSV2Score":9.3,"location":""}},{"name":"CVE-2015-6616","isVulnerable":false,"details":{"altNames":"[ANDROID-24630158, ANDROID-23882800, ANDROID-17769851, ANDROID-24441553, ANDROID-24157524]","type":"","description":"Remote Code Execution Vulnerabilities in Mediaserver","impact":"During media file and data processing of a specially crafted file, vulnerabilities in mediaserver could allow an attacker to cause memory corruption and remote code execution as the mediaserver process. The affected functionality is provided as a core part of the operating system and there are multiple applications that allow it to be reached with remote content, most notably MMS and browser playback of media. This issue is rated as a Critical severity due to the possibility of remote code execution within the context of the mediaserver service. The mediaserver service has access to audio and video streams as well as access to privileges that third-party apps cannot normally access.","CVSSV2Score":10,"location":""}},{"name":"CVE-2015-3860","isVulnerable":false,"details":{"altNames":"[ANDROID-22214934]","type":"","description":"Elevation of Privilege Vulnerability in Lockscreen","impact":"An elevation of privilege vulnerability in Lockscreen could allow a malicious user to bypass the lockscreen by causing it to crash. This issue is classified as a vulnerability only on Android 5.0 and 5.1. While it's possible to cause the System UI to crash from the lockscreen in a similar way on 4.4, the home screen cannot be accessed and the device must be rebooted to recover.    This issue is rated as a Moderate severity because it potentially allows someone with physical access to a device to install third-party apps without the device's owner approving the permissions. It can also allow the attacker to view contact data, phone logs, SMS messages, and other data that is normally protected with a \"dangerous\" level permission.","CVSSV2Score":7.2,"location":""}},{"name":"CVE-2016-0807","isVulnerable":false,"exception":"java.lang.Exception: debuggerd doesn't exist or is not a file","details":{"altNames":"[ANDROID-25187394]","type":"","description":"Elevation of Privilege Vulnerability in the Debuggerd","impact":"An elevation of privilege vulnerability in the Debuggerd component could enable a local malicious application to execute arbitrary code within the device root context. This issue is rated as a Critical severity due to the possibility of a local permanent device compromise and the device would possibly need to be repaired by re-flashing the operating system.","CVSSV2Score":7.2,"location":""}}]}